model,accuracy,f1,roc_auc
best_rf_random_search,0.49851924975320827,0.5501770956316411,0.49404222724254415
