model,accuracy,f1,roc_auc,average_precision
RandomForest,0.5811122079631458,0.724160346695558,0.4969816417414903,0.5938159553217052
LogisticRegression,0.500164527805199,0.5412262156448203,0.5014196343505499,0.6050439647242832
