feature,perm_mean,perm_std
f4,-0.0005385929748170185,0.0024201666434193045
f0,-0.0018490934616609833,0.010394319014114941
f1,-0.003176494927078425,0.005230346776957079
f6,-0.003265239289747877,0.003429637414488245
f2,-0.007759265380903546,0.006057208101319225
f3,-0.009332871470508125,0.004899714324877745
f5,-0.009944954702754083,0.003991159887655427
f7,-0.013978678364962296,0.0036192151104534357
