model,accuracy,f1,roc_auc
RF_with_age,0.5031260282987825,0.5564042303172738,0.4956869640846493
RF_no_age,0.48930569266205987,0.5389185977421271,0.47999452355862227
